"mod_p","gof_metric","metric_value"
2,"negloglik",19034.8289024718
2,"AIC",38101.6578049435
2,"BIC",38239.203960673
